-- phpMyAdmin SQL Dump
-- version 4.7.4
-- https://www.phpmyadmin.net/
--
-- Host: localhost
-- Generation Time: May 30, 2018 at 05:11 PM
-- Server version: 10.1.28-MariaDB
-- PHP Version: 7.1.11

SET SQL_MODE = "NO_AUTO_VALUE_ON_ZERO";
SET AUTOCOMMIT = 0;
START TRANSACTION;
SET time_zone = "+00:00";


/*!40101 SET @OLD_CHARACTER_SET_CLIENT=@@CHARACTER_SET_CLIENT */;
/*!40101 SET @OLD_CHARACTER_SET_RESULTS=@@CHARACTER_SET_RESULTS */;
/*!40101 SET @OLD_COLLATION_CONNECTION=@@COLLATION_CONNECTION */;
/*!40101 SET NAMES utf8mb4 */;

--
-- Database: `be_scheduler`
--

-- --------------------------------------------------------

--
-- Table structure for table `announcements`
--

CREATE TABLE `announcements` (
  `id` int(11) NOT NULL,
  `date` timestamp NOT NULL DEFAULT CURRENT_TIMESTAMP ON UPDATE CURRENT_TIMESTAMP,
  `title` varchar(250) NOT NULL,
  `text` varchar(4096) NOT NULL
) ENGINE=InnoDB DEFAULT CHARSET=latin1;

--
-- Dumping data for table `announcements`
--

INSERT INTO `announcements` (`id`, `date`, `title`, `text`) VALUES
(1, '2018-05-28 22:13:16', 'New Medical Plan Announced', 'Tbh listicle pop-up, poutine chambray vaporware gluten-free artisan wolf celiac narwhal. Kale chips yr fam, hella photo booth biodiesel umami wayfarers kitsch williamsburg butcher flexitarian microdosing shabby chic. Pok pok small batch iPhone kitsch roof party, poke gluten-free hashtag skateboard put a bird on it microdosing godard master cleanse. Tousled YOLO kombucha selvage, kale chips DIY before they sold out sartorial glossier 3 wolf moon microdosing mixtape actually celiac. <a href=\"http://clark.edu\">Learn more ></a>'),
(2, '2018-05-28 21:51:01', 'New McBruce Burger Introduced', 'Bacon ipsum dolor amet ball tip short loin doner, prosciutto shankle picanha turkey landjaeger. Cupim shank pork loin, ground round boudin cow biltong short loin jowl strip steak porchetta landjaeger frankfurter. Ham hock kevin boudin turkey tail landjaeger ball tip tenderloin prosciutto meatloaf capicola. Pork short loin drumstick sausage andouille meatball turkey flank.');

-- --------------------------------------------------------

--
-- Table structure for table `logs`
--

CREATE TABLE `logs` (
  `id` int(11) NOT NULL,
  `user_id` int(11) NOT NULL,
  `page_name` varchar(50) NOT NULL,
  `date` timestamp NOT NULL DEFAULT CURRENT_TIMESTAMP ON UPDATE CURRENT_TIMESTAMP
) ENGINE=InnoDB DEFAULT CHARSET=latin1;

--
-- Dumping data for table `logs`
--

INSERT INTO `logs` (`id`, `user_id`, `page_name`, `date`) VALUES
(0, 0, 'Login', '2018-05-28 15:41:27'),
(0, 0, 'Scheduler Home Page', '2018-05-28 15:43:38'),
(0, 0, 'Scheduler Home Page', '2018-05-28 15:48:10'),
(0, 0, 'Login', '2018-05-28 15:48:12'),
(0, 0, 'Login', '2018-05-28 15:48:37'),
(0, 0, 'Login', '2018-05-28 15:51:50'),
(0, 0, 'Login', '2018-05-28 15:51:52'),
(0, 0, 'Scheduler Home Page', '2018-05-28 15:51:53'),
(0, 0, 'Scheduler Home Page', '2018-05-28 15:51:53'),
(0, 0, 'Login', '2018-05-28 15:51:54'),
(0, 0, 'Login', '2018-05-28 15:51:59'),
(0, 0, 'Scheduler Home Page', '2018-05-28 15:52:00'),
(0, 0, 'Login', '2018-05-28 15:52:01'),
(0, 0, 'Login', '2018-05-28 15:52:04'),
(0, 0, 'Login', '2018-05-28 15:53:36'),
(0, 0, 'Scheduler Home Page', '2018-05-28 15:53:37'),
(0, 0, 'Scheduler Home Page', '2018-05-28 15:53:39'),
(0, 0, 'Login', '2018-05-28 15:53:40'),
(0, 0, 'Login', '2018-05-28 15:53:42'),
(0, 0, 'Scheduler Home Page', '2018-05-28 15:53:42'),
(0, 0, 'Login', '2018-05-28 16:17:55'),
(0, 0, 'Login', '2018-05-28 16:18:37'),
(0, 0, 'Login', '2018-05-28 16:20:56'),
(0, 0, 'Login', '2018-05-28 16:29:48'),
(0, 0, 'Scheduler Home Page', '2018-05-28 16:29:50'),
(0, 0, 'Login', '2018-05-28 16:29:52'),
(0, 0, 'Login', '2018-05-28 16:30:01'),
(0, 0, 'Login', '2018-05-28 16:31:04'),
(0, 0, 'Login', '2018-05-28 16:31:13'),
(0, 0, 'Login', '2018-05-28 16:34:22'),
(0, 0, 'Login', '2018-05-28 16:35:22'),
(0, 0, 'Login', '2018-05-28 16:36:03'),
(0, 0, 'Login', '2018-05-28 16:36:05'),
(0, 0, 'Login', '2018-05-28 16:36:37'),
(0, 0, 'Login', '2018-05-28 16:37:31'),
(0, 0, 'Login', '2018-05-28 16:37:38'),
(0, 0, 'Login', '2018-05-28 16:37:44'),
(0, 0, 'Login', '2018-05-28 16:37:51'),
(0, 0, 'Login', '2018-05-28 16:38:23'),
(0, 0, 'Login', '2018-05-28 16:38:30'),
(0, 0, 'Login', '2018-05-28 16:39:16'),
(0, 0, 'Login', '2018-05-28 16:39:19'),
(0, 0, 'Login', '2018-05-28 16:39:33'),
(0, 0, 'Login', '2018-05-28 16:40:31'),
(0, 0, 'Login', '2018-05-28 16:40:41'),
(0, 0, 'Login', '2018-05-28 16:41:30'),
(0, 0, 'Login', '2018-05-28 16:41:43'),
(0, 0, 'Scheduler Home Page', '2018-05-28 16:41:43'),
(0, 0, 'Scheduler Home Page', '2018-05-28 16:52:38'),
(0, 0, 'Scheduler Home Page', '2018-05-28 16:52:39'),
(0, 0, 'Scheduler Home Page', '2018-05-28 16:53:41'),
(0, 0, 'Scheduler Home Page', '2018-05-28 16:56:11'),
(0, 0, 'Scheduler Home Page', '2018-05-28 16:56:50'),
(0, 0, 'Logout', '2018-05-28 16:56:53'),
(0, 0, 'Logout', '2018-05-28 16:57:27'),
(0, 0, 'Logout', '2018-05-28 16:57:43'),
(0, 0, 'Logout', '2018-05-28 16:57:54'),
(0, 0, 'Logout', '2018-05-28 17:01:17'),
(0, 0, 'Logout', '2018-05-28 17:01:52'),
(0, 0, 'Logout', '2018-05-28 17:02:54'),
(0, 0, 'Login', '2018-05-28 17:03:10'),
(0, 0, 'Login', '2018-05-28 17:04:59'),
(0, 0, 'Login', '2018-05-28 17:05:25'),
(0, 0, 'Login', '2018-05-28 17:05:44'),
(0, 0, 'Login', '2018-05-28 17:06:09'),
(0, 0, 'Login', '2018-05-28 17:06:41'),
(0, 0, 'Login', '2018-05-28 17:07:47'),
(0, 0, 'Login', '2018-05-28 17:08:04'),
(0, 0, 'Login', '2018-05-28 17:08:18'),
(0, 0, 'Login', '2018-05-28 17:08:31'),
(0, 0, 'Login', '2018-05-28 17:09:03'),
(0, 0, 'Scheduler Home Page', '2018-05-28 17:45:59'),
(0, 0, 'Login', '2018-05-28 17:46:03'),
(0, 0, 'Login', '2018-05-28 17:48:52'),
(0, 0, 'Login', '2018-05-28 17:49:22'),
(0, 0, 'Login', '2018-05-28 17:49:36'),
(0, 0, 'Login', '2018-05-28 17:52:43'),
(0, 0, 'Scheduler Home Page', '2018-05-28 17:52:43'),
(0, 0, 'Logout', '2018-05-28 17:52:50'),
(0, 0, 'Login', '2018-05-28 17:55:43'),
(0, 0, 'Login', '2018-05-28 17:55:50'),
(0, 0, 'Login', '2018-05-28 17:55:58'),
(0, 0, 'Login', '2018-05-28 17:56:17'),
(0, 0, 'Scheduler Home Page', '2018-05-28 17:56:17'),
(0, 0, 'Scheduler Home Page', '2018-05-28 17:56:25'),
(0, 0, 'Logout', '2018-05-28 17:56:30'),
(0, 0, 'Scheduler Home Page', '2018-05-28 17:57:52'),
(0, 0, 'Login', '2018-05-28 17:57:56'),
(0, 0, 'Login', '2018-05-28 18:27:33'),
(0, 0, 'Login', '2018-05-28 18:27:43'),
(0, 0, 'Scheduler Home Page', '2018-05-28 18:27:43'),
(0, 0, 'Logout', '2018-05-28 18:27:49'),
(0, 0, 'Scheduler Home Page', '2018-05-28 18:27:51'),
(0, 0, 'Scheduler Home Page', '2018-05-28 18:29:02'),
(0, 0, 'Login', '2018-05-28 18:29:04'),
(0, 0, 'Login', '2018-05-28 18:29:12'),
(0, 0, 'Scheduler Home Page', '2018-05-28 18:29:12'),
(0, 0, 'Scheduler Home Page', '2018-05-28 18:29:57'),
(0, 0, 'Scheduler Home Page', '2018-05-28 18:30:01'),
(0, 0, 'Scheduler Home Page', '2018-05-28 18:30:30'),
(0, 0, 'Scheduler Home Page', '2018-05-28 18:30:32'),
(0, 0, 'Logout', '2018-05-28 18:30:33'),
(0, 0, 'Scheduler Home Page', '2018-05-28 18:30:38'),
(0, 0, 'Scheduler Home Page', '2018-05-28 18:32:14'),
(0, 0, 'Scheduler Home Page', '2018-05-28 18:34:08'),
(0, 0, 'Login', '2018-05-28 18:35:05'),
(0, 0, 'Login', '2018-05-28 18:35:19'),
(0, 0, 'Login', '2018-05-28 18:35:47'),
(0, 0, 'Scheduler Home Page', '2018-05-28 18:39:15'),
(0, 0, 'Scheduler Home Page', '2018-05-28 18:39:23'),
(0, 0, 'Scheduler Home Page', '2018-05-28 18:40:44'),
(0, 0, 'Scheduler Home Page', '2018-05-28 18:41:18'),
(0, 0, 'Scheduler Home Page', '2018-05-28 18:41:43'),
(0, 0, 'Scheduler Home Page', '2018-05-28 18:41:57'),
(0, 0, 'Scheduler Home Page', '2018-05-28 18:42:31'),
(0, 0, 'Login', '2018-05-28 18:42:33'),
(0, 0, 'Scheduler Home Page', '2018-05-28 18:42:34'),
(0, 0, 'Scheduler Home Page', '2018-05-28 18:42:36'),
(0, 0, 'Login', '2018-05-28 18:42:44'),
(0, 0, 'Scheduler Home Page', '2018-05-28 18:43:02'),
(0, 0, 'Scheduler Home Page', '2018-05-28 18:44:03'),
(0, 0, 'Login', '2018-05-28 18:46:29'),
(0, 0, 'Login', '2018-05-28 18:47:06'),
(0, 0, 'Login', '2018-05-28 18:47:10'),
(0, 0, 'Login', '2018-05-28 18:49:24'),
(0, 0, 'Login', '2018-05-28 18:49:28'),
(0, 0, 'Scheduler Home Page', '2018-05-28 18:59:38'),
(0, 0, 'Scheduler Home Page', '2018-05-28 18:59:39'),
(0, 0, 'Scheduler Home Page', '2018-05-28 19:01:32'),
(0, 0, 'Scheduler Home Page', '2018-05-28 19:01:57'),
(0, 0, 'Scheduler Home Page', '2018-05-28 19:02:08'),
(0, 0, 'Login', '2018-05-28 19:02:10'),
(0, 0, 'Sign In', '2018-05-28 19:02:32'),
(0, 0, 'Sign In', '2018-05-28 19:02:36'),
(0, 0, 'Sign In', '2018-05-28 19:03:05'),
(0, 0, 'Sign In', '2018-05-28 19:05:33'),
(0, 0, 'Sign In', '2018-05-28 19:05:40'),
(0, 0, 'Sign In', '2018-05-28 19:06:32'),
(0, 0, 'Sign In', '2018-05-28 19:07:16'),
(0, 0, 'Sign In', '2018-05-28 19:07:26'),
(0, 0, 'Sign In', '2018-05-28 19:07:38'),
(0, 0, 'Sign In', '2018-05-28 19:08:07'),
(0, 0, 'Sign In', '2018-05-28 19:08:46'),
(0, 0, 'Sign In', '2018-05-28 19:09:18'),
(0, 0, 'Sign In', '2018-05-28 19:09:32'),
(0, 0, 'Sign In', '2018-05-28 19:09:56'),
(0, 0, 'Sign In', '2018-05-28 19:10:24'),
(0, 0, 'Sign In', '2018-05-28 19:11:19'),
(0, 0, 'Sign In', '2018-05-28 19:11:32'),
(0, 0, 'Scheduler Home Page', '2018-05-28 19:12:34'),
(0, 0, 'Sign In', '2018-05-28 20:59:14'),
(0, 0, 'Sign In', '2018-05-28 20:59:23'),
(0, 0, 'Scheduler Home Page', '2018-05-28 20:59:23'),
(0, 0, 'Signed Out', '2018-05-28 20:59:27'),
(0, 0, 'Signed Out', '2018-05-28 20:59:37'),
(0, 0, 'Signed Out', '2018-05-28 20:59:51'),
(0, 0, 'Signed Out', '2018-05-28 21:00:23'),
(0, 0, 'Signed Out', '2018-05-28 21:01:39'),
(0, 0, 'Signed Out', '2018-05-28 21:02:15'),
(0, 0, 'Scheduler Home Page', '2018-05-28 21:02:23'),
(0, 0, 'Scheduler Home Page', '2018-05-28 21:02:27'),
(0, 0, 'Scheduler Home Page', '2018-05-28 21:02:58'),
(0, 0, 'Scheduler Home Page', '2018-05-28 21:03:55'),
(0, 0, 'Scheduler Home Page', '2018-05-28 21:03:56'),
(0, 0, 'Scheduler Home Page', '2018-05-28 21:03:57'),
(0, 0, 'Scheduler Home Page', '2018-05-28 21:03:57'),
(0, 0, 'Scheduler Home Page', '2018-05-28 21:03:58'),
(0, 0, 'Scheduler Home Page', '2018-05-28 21:03:58'),
(0, 0, 'Scheduler Home Page', '2018-05-28 21:03:58'),
(0, 0, 'Scheduler Home Page', '2018-05-28 21:04:00'),
(0, 0, 'Scheduler Home Page', '2018-05-28 21:04:22'),
(0, 0, 'Sign In', '2018-05-28 21:04:41'),
(0, 0, 'Sign In', '2018-05-28 21:05:15'),
(0, 0, 'Sign In', '2018-05-28 21:05:18'),
(0, 0, 'Scheduler Home Page', '2018-05-28 21:08:11'),
(0, 0, 'Sign In', '2018-05-28 21:08:13'),
(0, 0, 'Scheduler Home Page', '2018-05-28 21:08:17'),
(0, 0, 'Scheduler Home Page', '2018-05-28 21:08:23'),
(0, 0, 'Scheduler Home Page', '2018-05-28 21:09:14'),
(0, 0, 'Scheduler Home Page', '2018-05-28 21:16:46'),
(0, 0, 'Scheduler Home Page', '2018-05-28 21:16:47'),
(0, 0, 'Scheduler Home Page', '2018-05-28 21:16:47'),
(0, 0, 'Scheduler Home Page', '2018-05-28 21:19:17'),
(0, 0, 'Scheduler Home Page', '2018-05-28 21:19:29'),
(0, 0, 'Scheduler Home Page', '2018-05-28 21:19:43'),
(0, 0, 'Scheduler Home Page', '2018-05-28 21:19:57'),
(0, 0, 'Scheduler Home Page', '2018-05-28 21:21:11'),
(0, 0, 'Scheduler Home Page', '2018-05-28 21:22:05'),
(0, 0, 'Scheduler Home Page', '2018-05-28 21:22:24'),
(0, 0, 'Scheduler Home Page', '2018-05-28 21:23:04'),
(0, 0, 'Scheduler Home Page', '2018-05-28 21:23:26'),
(0, 0, 'Scheduler Home Page', '2018-05-28 21:23:42'),
(0, 0, 'Scheduler Home Page', '2018-05-28 21:23:49'),
(0, 0, 'Scheduler Home Page', '2018-05-28 21:23:57'),
(0, 0, 'Scheduler Home Page', '2018-05-28 21:24:20'),
(0, 0, 'Scheduler Home Page', '2018-05-28 21:24:34'),
(0, 0, 'Sign In', '2018-05-28 21:24:37'),
(0, 0, 'Sign In', '2018-05-28 21:24:47'),
(0, 0, 'Scheduler Home Page', '2018-05-28 21:24:47'),
(0, 0, 'Scheduler Home Page', '2018-05-28 21:25:25'),
(0, 0, 'Scheduler Home Page', '2018-05-28 21:25:31'),
(0, 0, 'Scheduler Home Page', '2018-05-28 21:25:40'),
(0, 0, 'Scheduler Home Page', '2018-05-28 21:25:56'),
(0, 0, 'Scheduler Home Page', '2018-05-28 21:27:34'),
(0, 0, 'Scheduler Home Page', '2018-05-28 21:28:25'),
(0, 0, 'Scheduler Home Page', '2018-05-28 21:28:43'),
(0, 0, 'Scheduler Home Page', '2018-05-28 21:29:26'),
(0, 0, 'Scheduler Home Page', '2018-05-28 21:29:44'),
(0, 0, 'Scheduler Home Page', '2018-05-28 21:30:36'),
(0, 0, 'Scheduler Home Page', '2018-05-28 21:30:56'),
(0, 0, 'Scheduler Home Page', '2018-05-28 21:32:05'),
(0, 0, 'Scheduler Home Page', '2018-05-28 21:32:10'),
(0, 0, 'Scheduler Home Page', '2018-05-28 21:34:26'),
(0, 0, 'Scheduler Home Page', '2018-05-28 21:34:29'),
(0, 0, 'Scheduler Home Page', '2018-05-28 21:34:48'),
(0, 0, 'Scheduler Home Page', '2018-05-28 21:35:59'),
(0, 0, 'Scheduler Home Page', '2018-05-28 21:36:06'),
(0, 0, 'Scheduler Home Page', '2018-05-28 21:36:07'),
(0, 0, 'Scheduler Home Page', '2018-05-28 21:36:09'),
(0, 0, 'Signed Out', '2018-05-28 21:36:10'),
(0, 0, 'Signed Out', '2018-05-28 21:36:18'),
(0, 0, 'Sign In', '2018-05-28 21:36:19'),
(0, 0, 'Sign In', '2018-05-28 21:36:25'),
(0, 0, 'Scheduler Home Page', '2018-05-28 21:36:25'),
(0, 0, 'Scheduler Home Page', '2018-05-28 21:36:29'),
(0, 0, 'Scheduler Home Page', '2018-05-28 21:36:56'),
(0, 0, 'Scheduler Home Page', '2018-05-28 21:37:00'),
(0, 0, 'Scheduler Home Page', '2018-05-28 21:37:12'),
(0, 0, 'Scheduler Home Page', '2018-05-28 21:37:56'),
(0, 0, 'Scheduler Home Page', '2018-05-28 21:39:14'),
(0, 0, 'Scheduler Home Page', '2018-05-28 21:39:33'),
(0, 0, 'Scheduler Home Page', '2018-05-28 21:39:37'),
(0, 0, 'Scheduler Home Page', '2018-05-28 21:43:12'),
(0, 0, 'Scheduler Home Page', '2018-05-28 21:45:04'),
(0, 0, 'Scheduler Home Page', '2018-05-28 21:45:18'),
(0, 0, 'Scheduler Home Page', '2018-05-28 21:45:29'),
(0, 0, 'Scheduler Home Page', '2018-05-28 21:46:21'),
(0, 0, 'Scheduler Home Page', '2018-05-28 21:47:17'),
(0, 0, 'Scheduler Home Page', '2018-05-28 21:47:47'),
(0, 0, 'Scheduler Home Page', '2018-05-28 21:48:04'),
(0, 0, 'Scheduler Home Page', '2018-05-28 21:48:27'),
(0, 0, 'Scheduler Home Page', '2018-05-28 21:48:37'),
(0, 0, 'Scheduler Home Page', '2018-05-28 21:49:12'),
(0, 0, 'Scheduler Home Page', '2018-05-28 21:51:05'),
(0, 0, 'Scheduler Home Page', '2018-05-28 21:57:42'),
(0, 0, 'Scheduler Home Page', '2018-05-28 21:57:46'),
(0, 0, 'Scheduler Home Page', '2018-05-28 21:58:05'),
(0, 0, 'Scheduler Home Page', '2018-05-28 21:58:45'),
(0, 0, 'Scheduler Home Page', '2018-05-28 21:59:33'),
(0, 0, 'Scheduler Home Page', '2018-05-28 21:59:45'),
(0, 0, 'Scheduler Home Page', '2018-05-28 22:00:29'),
(0, 0, 'Scheduler Home Page', '2018-05-28 22:01:09'),
(0, 0, 'Scheduler Home Page', '2018-05-28 22:01:32'),
(0, 0, 'Scheduler Home Page', '2018-05-28 22:01:54'),
(0, 0, 'Scheduler Home Page', '2018-05-28 22:02:02'),
(0, 0, 'Scheduler Home Page', '2018-05-28 22:02:04'),
(0, 0, 'Scheduler Home Page', '2018-05-28 22:02:19'),
(0, 0, 'Scheduler Home Page', '2018-05-28 22:03:46'),
(0, 0, 'Scheduler Home Page', '2018-05-28 22:04:18'),
(0, 0, 'Scheduler Home Page', '2018-05-28 22:04:54'),
(0, 0, 'Scheduler Home Page', '2018-05-28 22:04:57'),
(0, 0, 'Scheduler Home Page', '2018-05-28 22:05:13'),
(0, 0, 'Scheduler Home Page', '2018-05-28 22:05:15'),
(0, 0, 'Scheduler Home Page', '2018-05-28 22:05:49'),
(0, 0, 'Scheduler Home Page', '2018-05-28 22:06:41'),
(0, 0, 'Scheduler Home Page', '2018-05-28 22:06:57'),
(0, 0, 'Scheduler Home Page', '2018-05-28 22:07:01'),
(0, 0, 'Scheduler Home Page', '2018-05-28 22:07:10'),
(0, 0, 'Scheduler Home Page', '2018-05-28 22:07:31'),
(0, 0, 'Scheduler Home Page', '2018-05-28 22:07:42'),
(0, 0, 'Scheduler Home Page', '2018-05-28 22:07:56'),
(0, 0, 'Scheduler Home Page', '2018-05-28 22:08:32'),
(0, 0, 'Scheduler Home Page', '2018-05-28 22:08:43'),
(0, 0, 'Scheduler Home Page', '2018-05-28 22:08:50'),
(0, 0, 'Scheduler Home Page', '2018-05-28 22:08:57'),
(0, 0, 'Scheduler Home Page', '2018-05-28 22:09:03'),
(0, 0, 'Scheduler Home Page', '2018-05-28 22:09:11'),
(0, 0, 'Scheduler Home Page', '2018-05-28 22:09:33'),
(0, 0, 'Scheduler Home Page', '2018-05-28 22:09:45'),
(0, 0, 'Scheduler Home Page', '2018-05-28 22:09:47'),
(0, 0, 'Scheduler Home Page', '2018-05-28 22:10:02'),
(0, 0, 'Scheduler Home Page', '2018-05-28 22:10:19'),
(0, 0, 'Scheduler Home Page', '2018-05-28 22:10:38'),
(0, 0, 'Scheduler Home Page', '2018-05-28 22:11:10'),
(0, 0, 'Scheduler Home Page', '2018-05-28 22:11:22'),
(0, 0, 'Scheduler Home Page', '2018-05-28 22:11:36'),
(0, 0, 'Scheduler Home Page', '2018-05-28 22:11:56'),
(0, 0, 'Scheduler Home Page', '2018-05-28 22:12:10'),
(0, 0, 'Scheduler Home Page', '2018-05-28 22:12:33'),
(0, 0, 'Scheduler Home Page', '2018-05-28 22:12:40'),
(0, 0, 'Scheduler Home Page', '2018-05-28 22:13:20'),
(0, 0, 'Scheduler Home Page', '2018-05-28 22:13:49'),
(0, 0, 'Scheduler Home Page', '2018-05-28 22:14:16'),
(0, 0, 'Scheduler Home Page', '2018-05-28 22:14:39'),
(0, 0, 'Scheduler Home Page', '2018-05-28 22:14:49'),
(0, 0, 'Scheduler Home Page', '2018-05-28 22:15:09'),
(0, 0, 'Scheduler Home Page', '2018-05-28 22:15:17'),
(0, 0, 'Scheduler Home Page', '2018-05-28 22:15:34'),
(0, 0, 'Scheduler Home Page', '2018-05-28 22:15:36'),
(0, 0, 'Scheduler Home Page', '2018-05-28 22:15:41'),
(0, 0, 'Scheduler Home Page', '2018-05-28 22:15:59'),
(0, 0, 'Scheduler Home Page', '2018-05-28 22:16:03'),
(0, 0, 'Scheduler Home Page', '2018-05-28 22:16:14'),
(0, 0, 'Scheduler Home Page', '2018-05-28 22:17:34'),
(0, 0, 'Scheduler Home Page', '2018-05-28 22:18:54'),
(0, 0, 'Scheduler Home Page', '2018-05-28 22:19:19'),
(0, 0, 'Scheduler Home Page', '2018-05-28 22:19:38'),
(0, 0, 'Scheduler Home Page', '2018-05-28 22:21:01'),
(0, 0, 'Scheduler Home Page', '2018-05-28 22:21:16'),
(0, 0, 'Scheduler Home Page', '2018-05-28 22:22:30'),
(0, 0, 'Scheduler Home Page', '2018-05-28 22:22:33'),
(0, 0, 'Scheduler Home Page', '2018-05-28 22:23:00'),
(0, 0, 'Scheduler Home Page', '2018-05-28 22:23:35'),
(0, 0, 'Scheduler Home Page', '2018-05-28 22:24:09'),
(0, 0, 'Scheduler Home Page', '2018-05-28 22:24:26'),
(0, 0, 'Scheduler Home Page', '2018-05-28 22:25:19'),
(0, 0, 'Scheduler Home Page', '2018-05-28 22:25:23'),
(0, 0, 'Scheduler Home Page', '2018-05-28 22:26:18'),
(0, 0, 'Scheduler Home Page', '2018-05-28 22:26:25'),
(0, 0, 'Scheduler Home Page', '2018-05-28 22:26:41'),
(0, 0, 'Scheduler Home Page', '2018-05-28 22:26:55'),
(0, 0, 'Scheduler Home Page', '2018-05-28 22:27:02'),
(0, 0, 'Scheduler Home Page', '2018-05-28 22:27:44'),
(0, 0, 'Scheduler Home Page', '2018-05-28 22:27:57'),
(0, 0, 'Scheduler Home Page', '2018-05-28 22:28:41'),
(0, 0, 'Scheduler Home Page', '2018-05-28 22:29:32'),
(0, 0, 'Scheduler Home Page', '2018-05-28 22:29:52'),
(0, 0, 'Scheduler Home Page', '2018-05-28 22:30:17'),
(0, 0, 'Scheduler Home Page', '2018-05-28 22:30:31'),
(0, 0, 'Scheduler Home Page', '2018-05-28 22:30:58'),
(0, 0, 'Scheduler Home Page', '2018-05-28 22:31:15'),
(0, 0, 'Scheduler Home Page', '2018-05-28 22:31:31'),
(0, 0, 'Scheduler Home Page', '2018-05-28 22:31:54'),
(0, 0, 'Scheduler Home Page', '2018-05-28 22:32:39'),
(0, 0, 'Scheduler Home Page', '2018-05-28 22:33:09'),
(0, 0, 'Scheduler Home Page', '2018-05-28 22:33:11'),
(0, 0, 'Scheduler Home Page', '2018-05-28 22:33:20'),
(0, 0, 'Scheduler Home Page', '2018-05-28 22:33:24'),
(0, 0, 'Scheduler Home Page', '2018-05-28 22:33:34'),
(0, 0, 'Scheduler Home Page', '2018-05-28 22:34:37'),
(0, 0, 'Scheduler Home Page', '2018-05-28 22:34:40'),
(0, 0, 'Scheduler Home Page', '2018-05-28 22:34:47'),
(0, 0, 'Signed Out', '2018-05-28 22:35:07'),
(0, 0, 'Scheduler Home Page', '2018-05-28 22:35:09'),
(0, 0, 'Sign In', '2018-05-28 22:35:12'),
(0, 0, 'Scheduler Home Page', '2018-05-28 23:08:52'),
(0, 0, 'Scheduler Home Page', '2018-05-28 23:08:54'),
(0, 0, 'Sign In', '2018-05-28 23:08:56'),
(0, 0, 'Sign In', '2018-05-28 23:09:06'),
(0, 0, 'Scheduler Home Page', '2018-05-28 23:09:06'),
(0, 0, 'Scheduler Home Page', '2018-05-29 00:42:39'),
(0, 0, 'Scheduler Home Page', '2018-05-29 01:45:41'),
(0, 0, 'Scheduler Home Page', '2018-05-29 01:46:12'),
(0, 0, 'Scheduler Home Page', '2018-05-29 01:46:45'),
(0, 0, 'Scheduler Home Page', '2018-05-29 01:46:47'),
(0, 0, 'Scheduler Home Page', '2018-05-29 01:47:06'),
(0, 0, 'Scheduler Home Page', '2018-05-29 01:47:18'),
(0, 0, 'Scheduler Home Page', '2018-05-29 01:48:03'),
(0, 0, 'Scheduler Home Page', '2018-05-29 01:48:31'),
(0, 0, 'Scheduler Home Page', '2018-05-29 01:49:56'),
(0, 0, 'Scheduler Home Page', '2018-05-29 01:50:01'),
(0, 0, 'Scheduler Home Page', '2018-05-29 01:53:30'),
(0, 0, 'Scheduler Home Page', '2018-05-29 01:53:33'),
(0, 0, 'Scheduler Home Page', '2018-05-29 01:53:41'),
(0, 0, 'Profile', '2018-05-29 02:09:25'),
(0, 0, 'Profile', '2018-05-29 02:10:14'),
(0, 0, 'Profile', '2018-05-29 02:10:48'),
(0, 0, 'Profile', '2018-05-29 02:11:02'),
(0, 0, 'Profile', '2018-05-29 02:12:43'),
(0, 0, 'Profile', '2018-05-29 02:12:49'),
(0, 0, 'Profile', '2018-05-29 02:13:45'),
(0, 0, 'Profile', '2018-05-29 02:13:46'),
(0, 0, 'Profile', '2018-05-29 02:14:33'),
(0, 0, 'Profile', '2018-05-29 02:14:34'),
(0, 0, 'Profile', '2018-05-29 02:15:09'),
(0, 0, 'Profile', '2018-05-29 02:15:11'),
(0, 0, 'Profile', '2018-05-29 02:15:55'),
(0, 0, 'Profile', '2018-05-29 02:15:57'),
(0, 0, 'Profile', '2018-05-29 02:16:29'),
(0, 0, 'Profile', '2018-05-29 02:16:32'),
(0, 0, 'Profile', '2018-05-29 02:16:34'),
(0, 0, 'Profile', '2018-05-29 02:16:37'),
(0, 0, 'Profile', '2018-05-29 02:17:17'),
(0, 0, 'Profile', '2018-05-29 02:17:18'),
(0, 0, 'Profile', '2018-05-29 02:17:20'),
(0, 0, 'Profile', '2018-05-29 02:17:23'),
(0, 0, 'Scheduler Home Page', '2018-05-29 02:17:47'),
(0, 0, 'Profile', '2018-05-29 02:17:49'),
(0, 0, 'Profile', '2018-05-29 02:17:55'),
(0, 0, 'Scheduler Home Page', '2018-05-29 02:18:46'),
(0, 0, 'Profile', '2018-05-29 02:18:47'),
(0, 0, 'Scheduler Home Page', '2018-05-29 02:19:34'),
(0, 0, 'Profile', '2018-05-29 02:19:35'),
(0, 0, 'Scheduler Home Page', '2018-05-29 02:20:31'),
(0, 0, 'Profile', '2018-05-29 02:20:31'),
(0, 0, 'Profile', '2018-05-29 02:20:47'),
(0, 0, 'Profile', '2018-05-29 02:22:18'),
(0, 0, 'Profile', '2018-05-29 02:22:36'),
(0, 0, 'Profile', '2018-05-29 02:22:38'),
(0, 0, 'Profile', '2018-05-29 02:23:30'),
(0, 0, 'Profile', '2018-05-29 02:23:57'),
(0, 0, 'Profile', '2018-05-29 02:25:27'),
(0, 0, 'Profile', '2018-05-29 02:26:41'),
(0, 0, 'Profile', '2018-05-29 02:26:43'),
(0, 0, 'Profile', '2018-05-29 02:26:55'),
(0, 0, 'Profile', '2018-05-29 02:26:57'),
(0, 0, 'Scheduler Home Page', '2018-05-29 02:27:14'),
(0, 0, 'Profile', '2018-05-29 02:27:15'),
(0, 0, 'Profile', '2018-05-29 02:27:16'),
(0, 0, 'Scheduler Home Page', '2018-05-29 02:27:45'),
(0, 0, 'Profile', '2018-05-29 02:27:46'),
(0, 0, 'Profile', '2018-05-29 02:27:47'),
(0, 0, 'Scheduler Home Page', '2018-05-29 02:27:56'),
(0, 0, 'Scheduler Home Page', '2018-05-29 02:27:58'),
(0, 0, 'Profile', '2018-05-29 02:28:00'),
(0, 0, 'Profile', '2018-05-29 02:28:01'),
(0, 0, 'Scheduler Home Page', '2018-05-29 02:28:03'),
(0, 0, 'Profile', '2018-05-29 02:28:05'),
(0, 0, 'Profile', '2018-05-29 02:28:27'),
(0, 0, 'Profile', '2018-05-29 02:30:07'),
(0, 0, 'Signed Out', '2018-05-29 02:30:14'),
(0, 0, 'Scheduler Home Page', '2018-05-29 02:30:18'),
(0, 0, 'Sign In', '2018-05-29 02:31:29'),
(0, 0, 'Sign In', '2018-05-29 02:31:39'),
(0, 0, 'Scheduler Home Page', '2018-05-29 02:31:39'),
(0, 0, 'Profile', '2018-05-29 02:31:45'),
(0, 0, 'Profile', '2018-05-29 02:31:52'),
(0, 0, 'Profile', '2018-05-29 02:31:56'),
(0, 0, 'Profile', '2018-05-29 02:35:06'),
(0, 0, 'Scheduler Home Page', '2018-05-29 02:37:17'),
(0, 0, 'Profile', '2018-05-29 02:37:18'),
(0, 0, 'Profile', '2018-05-29 02:37:47'),
(0, 0, 'Scheduler Home Page', '2018-05-29 02:38:25'),
(0, 0, 'Profile', '2018-05-29 02:40:07'),
(0, 0, 'Signed Out', '2018-05-29 02:42:19'),
(0, 0, 'Scheduler Home Page', '2018-05-29 02:42:20'),
(0, 0, 'Scheduler Home Page', '2018-05-29 02:46:16'),
(0, 0, 'Scheduler Home Page', '2018-05-29 02:47:46'),
(0, 0, 'Scheduler Home Page', '2018-05-29 02:47:47'),
(0, 0, 'Scheduler Home Page', '2018-05-29 02:47:49'),
(0, 0, 'Scheduler Home Page', '2018-05-29 02:47:50'),
(0, 0, 'Sign In', '2018-05-29 02:47:51'),
(0, 0, 'Sign In', '2018-05-29 02:47:57'),
(0, 1, 'Scheduler Home Page', '2018-05-29 02:47:57'),
(0, 1, 'Profile', '2018-05-29 02:48:01'),
(0, 1, 'Scheduler Home Page', '2018-05-29 02:51:49'),
(0, 1, 'Profile', '2018-05-29 02:51:50'),
(0, 1, 'Profile', '2018-05-29 02:52:26'),
(0, 1, 'Profile', '2018-05-29 02:53:09'),
(0, 1, 'Profile', '2018-05-29 02:53:15'),
(0, 1, 'Profile', '2018-05-29 02:53:18'),
(0, 1, 'Scheduler Home Page', '2018-05-29 02:54:04'),
(0, 1, 'Signed Out', '2018-05-29 02:54:05'),
(0, 0, 'Scheduler Home Page', '2018-05-29 02:54:08'),
(0, 0, 'Sign In', '2018-05-29 02:54:46'),
(0, 0, 'Sign In', '2018-05-29 02:54:53'),
(0, 2, 'Scheduler Home Page', '2018-05-29 02:54:53'),
(0, 2, 'Profile', '2018-05-29 02:54:55'),
(0, 2, 'Scheduler Home Page', '2018-05-29 02:55:32'),
(0, 2, 'Profile', '2018-05-29 02:55:39'),
(0, 2, 'Scheduler Home Page', '2018-05-29 02:55:43'),
(0, 2, 'Scheduler Home Page', '2018-05-29 02:56:14'),
(0, 2, 'Scheduler Home Page', '2018-05-29 02:56:27'),
(0, 2, 'Scheduler Home Page', '2018-05-29 02:56:36'),
(0, 2, 'Scheduler Home Page', '2018-05-29 02:57:08'),
(0, 2, 'Scheduler Home Page', '2018-05-29 02:57:17'),
(0, 2, 'Scheduler Home Page', '2018-05-29 02:57:46'),
(0, 2, 'Scheduler Home Page', '2018-05-29 02:58:21'),
(0, 2, 'Scheduler Home Page', '2018-05-29 02:59:35'),
(0, 2, 'Profile', '2018-05-29 02:59:42'),
(0, 2, 'Profile', '2018-05-29 02:59:51'),
(0, 2, 'Scheduler Home Page', '2018-05-29 02:59:53'),
(0, 2, 'Profile', '2018-05-29 02:59:54'),
(0, 2, 'Scheduler Home Page', '2018-05-29 02:59:56'),
(0, 2, 'Signed Out', '2018-05-29 02:59:58'),
(0, 0, 'Scheduler Home Page', '2018-05-29 03:00:03'),
(0, 0, 'Scheduler Home Page', '2018-05-29 03:00:03'),
(0, 0, 'Scheduler Home Page', '2018-05-29 03:01:45'),
(0, 0, 'Sign In', '2018-05-29 03:01:56'),
(0, 0, 'Sign In', '2018-05-29 03:02:40'),
(0, 0, 'Sign In', '2018-05-29 03:02:52'),
(0, 0, 'Sign In', '2018-05-29 03:03:12'),
(0, 0, 'Sign In', '2018-05-29 03:03:26'),
(0, 0, 'Sign In', '2018-05-29 03:03:43'),
(0, 0, 'Sign In', '2018-05-29 03:03:52'),
(0, 0, 'Sign In', '2018-05-29 03:04:00'),
(0, 2, 'Scheduler Home Page', '2018-05-29 03:04:00'),
(0, 2, 'Profile', '2018-05-29 03:04:09'),
(0, 2, 'Profile', '2018-05-29 03:05:02'),
(0, 2, 'Scheduler Home Page', '2018-05-29 03:05:22'),
(0, 2, 'Scheduler Home Page', '2018-05-29 03:05:51'),
(0, 2, 'Profile', '2018-05-29 03:05:53'),
(0, 2, 'Scheduler Home Page', '2018-05-29 03:15:09'),
(0, 2, 'Profile', '2018-05-29 03:15:17'),
(0, 2, 'Scheduler Home Page', '2018-05-29 03:15:56'),
(0, 2, 'Scheduler My Schedule', '2018-05-29 03:16:52'),
(0, 2, 'Scheduler My Schedule', '2018-05-29 03:17:15'),
(0, 2, 'Scheduler My Schedule', '2018-05-29 03:17:30'),
(0, 2, 'Scheduler My Schedule', '2018-05-29 03:18:01'),
(0, 2, 'Scheduler My Schedule', '2018-05-29 03:18:30'),
(0, 2, 'Scheduler My Schedule', '2018-05-29 03:18:53'),
(0, 2, 'Scheduler My Schedule', '2018-05-29 03:19:30'),
(0, 2, 'Scheduler My Schedule', '2018-05-29 03:24:29'),
(0, 2, 'Scheduler My Schedule', '2018-05-29 03:24:41'),
(0, 2, 'Scheduler My Schedule', '2018-05-29 03:27:37'),
(0, 2, 'Scheduler My Schedule', '2018-05-29 03:28:44'),
(0, 2, 'Scheduler My Schedule', '2018-05-29 03:29:10'),
(0, 2, 'Scheduler My Schedule', '2018-05-29 03:30:27'),
(0, 2, 'Scheduler My Schedule', '2018-05-29 03:32:05'),
(0, 2, 'Scheduler My Schedule', '2018-05-29 03:33:55'),
(0, 2, 'Profile', '2018-05-29 03:34:04'),
(0, 2, 'Profile', '2018-05-29 03:34:20'),
(0, 2, 'Scheduler Home Page', '2018-05-29 03:34:25'),
(0, 2, 'Scheduler Home Page', '2018-05-29 03:34:55'),
(0, 2, 'Profile', '2018-05-29 03:35:07'),
(0, 2, 'Scheduler My Schedule', '2018-05-29 03:35:23'),
(0, 2, 'Scheduler My Schedule', '2018-05-29 03:38:11'),
(0, 2, 'Scheduler My Schedule', '2018-05-29 03:39:04'),
(0, 2, 'Scheduler My Schedule', '2018-05-29 03:39:48'),
(0, 2, 'Scheduler My Schedule', '2018-05-29 03:39:50'),
(0, 2, 'Scheduler My Schedule', '2018-05-29 03:40:14'),
(0, 2, 'Scheduler My Schedule', '2018-05-29 03:48:01'),
(0, 2, 'Scheduler My Schedule', '2018-05-29 03:48:19'),
(0, 2, 'Scheduler My Schedule', '2018-05-29 03:48:21'),
(0, 2, 'Scheduler My Schedule', '2018-05-29 03:48:28'),
(0, 2, 'Scheduler My Schedule', '2018-05-29 03:48:55'),
(0, 2, 'Scheduler My Schedule', '2018-05-29 03:49:12'),
(0, 2, 'Scheduler My Schedule', '2018-05-29 03:50:10'),
(0, 2, 'Scheduler My Schedule', '2018-05-29 03:54:45'),
(0, 2, 'Scheduler My Schedule', '2018-05-29 03:55:54'),
(0, 2, 'Scheduler My Schedule', '2018-05-29 03:55:59'),
(0, 2, 'Scheduler My Schedule', '2018-05-29 03:57:15'),
(0, 2, 'Scheduler My Schedule', '2018-05-29 03:57:20'),
(0, 2, 'Scheduler Home Page', '2018-05-29 04:00:56'),
(0, 2, 'Scheduler My Schedule', '2018-05-29 04:00:58'),
(0, 2, 'Scheduler My Schedule', '2018-05-29 04:01:03'),
(0, 2, 'Scheduler Home Page', '2018-05-29 04:02:05'),
(0, 2, 'Scheduler My Schedule', '2018-05-29 04:02:06'),
(0, 2, 'Scheduler My Schedule', '2018-05-29 04:02:13'),
(0, 2, 'Scheduler My Schedule', '2018-05-29 04:04:25'),
(0, 2, 'Scheduler My Schedule', '2018-05-29 04:05:21'),
(0, 2, 'Scheduler My Schedule', '2018-05-29 04:06:30'),
(0, 2, 'Scheduler My Schedule', '2018-05-29 04:07:22'),
(0, 2, 'Scheduler Home Page', '2018-05-29 04:46:50'),
(0, 2, 'Scheduler My Schedule', '2018-05-29 04:46:51'),
(0, 2, 'Scheduler My Schedule', '2018-05-29 04:48:29'),
(0, 2, 'Scheduler My Schedule', '2018-05-29 04:48:32'),
(0, 2, 'Scheduler My Schedule', '2018-05-29 04:48:41'),
(0, 2, 'Scheduler Home Page', '2018-05-29 04:49:31'),
(0, 2, 'Scheduler My Schedule', '2018-05-29 04:49:32'),
(0, 2, 'Scheduler My Schedule', '2018-05-29 04:52:29'),
(0, 2, 'Scheduler My Schedule', '2018-05-29 04:55:10'),
(0, 2, 'Scheduler My Schedule', '2018-05-29 04:55:16'),
(0, 2, 'Profile', '2018-05-29 04:55:20'),
(0, 2, 'Scheduler My Schedule', '2018-05-29 04:55:21'),
(0, 2, 'Scheduler My Schedule', '2018-05-29 04:58:21'),
(0, 2, 'Scheduler My Schedule', '2018-05-29 04:59:10'),
(0, 2, 'Scheduler My Schedule', '2018-05-29 04:59:25'),
(0, 2, 'Profile', '2018-05-29 04:59:29'),
(0, 2, 'Scheduler My Schedule', '2018-05-29 04:59:29'),
(0, 2, 'Signed Out', '2018-05-29 05:00:20'),
(0, 0, 'Scheduler Home Page', '2018-05-29 05:00:22'),
(0, 0, 'Sign In', '2018-05-29 05:00:54'),
(0, 0, 'Sign In', '2018-05-29 05:01:01'),
(0, 3, 'Scheduler Home Page', '2018-05-29 05:01:01'),
(0, 3, 'Scheduler My Schedule', '2018-05-29 05:01:04'),
(0, 3, 'Scheduler My Schedule', '2018-05-29 05:02:22'),
(0, 3, 'Scheduler My Schedule', '2018-05-29 05:02:50'),
(0, 3, 'Scheduler My Schedule', '2018-05-29 05:02:54'),
(0, 3, 'Scheduler My Schedule', '2018-05-29 05:03:03'),
(0, 3, 'Scheduler My Schedule', '2018-05-29 05:03:05'),
(0, 3, 'Scheduler My Schedule', '2018-05-29 05:05:22'),
(0, 3, 'Scheduler My Schedule', '2018-05-29 05:05:31'),
(0, 3, 'Profile', '2018-05-29 05:05:35'),
(0, 3, 'Scheduler My Schedule', '2018-05-29 05:05:36'),
(0, 3, 'Scheduler My Schedule', '2018-05-29 05:06:55'),
(0, 3, 'Scheduler My Schedule', '2018-05-29 05:08:10'),
(0, 3, 'Scheduler My Schedule', '2018-05-29 05:08:48'),
(0, 3, 'Scheduler My Schedule', '2018-05-29 05:08:56'),
(0, 3, 'Scheduler Home Page', '2018-05-29 05:09:30'),
(0, 3, 'Profile', '2018-05-29 05:09:36'),
(0, 3, 'Scheduler My Schedule', '2018-05-29 05:09:46'),
(0, 3, 'Scheduler Home Page', '2018-05-29 05:09:52'),
(0, 3, 'Scheduler My Schedule', '2018-05-29 05:10:00'),
(0, 3, 'Profile', '2018-05-29 05:10:11'),
(0, 3, 'Profile', '2018-05-29 05:11:41'),
(0, 3, 'Profile', '2018-05-29 05:11:53'),
(0, 0, 'Scheduler Home Page', '2018-05-30 00:22:36'),
(0, 0, 'Scheduler Home Page', '2018-05-30 00:23:41'),
(0, 0, 'Sign In', '2018-05-30 00:26:27'),
(0, 0, 'Sign In', '2018-05-30 00:26:34'),
(0, 0, 'Sign In', '2018-05-30 00:26:42'),
(0, 0, 'Sign In', '2018-05-30 00:27:13'),
(0, 0, 'Sign In', '2018-05-30 00:27:19'),
(0, 5, 'Scheduler Home Page', '2018-05-30 00:27:19'),
(0, 5, 'Scheduler My Schedule', '2018-05-30 00:27:26'),
(0, 5, 'Profile', '2018-05-30 00:27:28'),
(0, 5, 'Scheduler My Schedule', '2018-05-30 00:27:29'),
(0, 5, 'Profile', '2018-05-30 00:27:30'),
(0, 5, 'Scheduler My Schedule', '2018-05-30 00:27:31'),
(0, 5, 'Scheduler Home Page', '2018-05-30 00:29:13'),
(0, 5, 'Signed Out', '2018-05-30 00:29:18'),
(0, 0, 'Scheduler Home Page', '2018-05-30 00:29:21'),
(0, 0, 'Sign In', '2018-05-30 00:29:23'),
(0, 0, 'Sign In', '2018-05-30 00:29:28'),
(0, 5, 'Scheduler Home Page', '2018-05-30 00:29:28'),
(0, 5, 'Scheduler Home Page', '2018-05-30 00:32:14'),
(0, 5, 'Scheduler Home Page', '2018-05-30 00:32:15'),
(0, 5, 'Signed Out', '2018-05-30 00:32:16'),
(0, 0, 'Signed Out', '2018-05-30 00:33:09'),
(0, 0, 'Scheduler Home Page', '2018-05-30 00:33:28'),
(0, 0, 'Scheduler Home Page', '2018-05-30 00:34:10'),
(0, 0, 'Sign In', '2018-05-30 00:34:11'),
(0, 0, 'Sign In', '2018-05-30 00:34:18'),
(0, 5, 'Scheduler Home Page', '2018-05-30 00:34:18'),
(0, 5, 'Scheduler Home Page', '2018-05-30 00:34:46'),
(0, 5, 'Scheduler Home Page', '2018-05-30 00:34:48'),
(0, 5, 'Scheduler Home Page', '2018-05-30 00:34:56'),
(0, 5, 'Signed Out', '2018-05-30 00:35:12'),
(0, 0, 'Signed Out', '2018-05-30 00:35:48'),
(0, 0, 'Sign In', '2018-05-30 00:35:50'),
(0, 0, 'Sign In', '2018-05-30 00:35:58'),
(0, 5, 'Scheduler Home Page', '2018-05-30 00:35:58'),
(0, 5, 'Scheduler Home Page', '2018-05-30 00:36:02'),
(0, 5, 'Scheduler Home Page', '2018-05-30 00:37:45'),
(0, 5, 'Scheduler Home Page', '2018-05-30 00:38:43'),
(0, 5, 'Scheduler Home Page', '2018-05-30 00:38:44'),
(0, 5, 'Scheduler Home Page', '2018-05-30 00:39:07'),
(0, 5, 'Scheduler Home Page', '2018-05-30 00:48:48'),
(0, 5, 'Scheduler Home Page', '2018-05-30 00:49:20'),
(0, 5, 'Scheduler Home Page', '2018-05-30 00:49:47'),
(0, 5, 'Scheduler Home Page', '2018-05-30 00:50:35'),
(0, 5, 'Scheduler Home Page', '2018-05-30 00:54:07'),
(0, 5, 'Scheduler Home Page', '2018-05-30 00:56:04'),
(0, 5, 'Scheduler Home Page', '2018-05-30 00:56:35'),
(0, 5, 'Scheduler Home Page', '2018-05-30 00:57:37'),
(0, 5, 'Scheduler Home Page', '2018-05-30 00:59:25'),
(0, 5, 'Scheduler Home Page', '2018-05-30 00:59:42'),
(0, 5, 'Scheduler Home Page', '2018-05-30 01:01:04'),
(0, 5, 'Scheduler Home Page', '2018-05-30 01:01:38'),
(0, 5, 'Scheduler Home Page', '2018-05-30 01:01:56'),
(0, 5, 'Scheduler Home Page', '2018-05-30 01:02:58'),
(0, 5, 'Scheduler Home Page', '2018-05-30 01:03:28'),
(0, 5, 'Scheduler Home Page', '2018-05-30 01:11:53'),
(0, 5, 'Scheduler Home Page', '2018-05-30 01:13:02'),
(0, 5, 'Scheduler Home Page', '2018-05-30 01:14:11'),
(0, 5, 'Scheduler Home Page', '2018-05-30 01:15:40'),
(0, 5, 'Scheduler Home Page', '2018-05-30 01:16:57'),
(0, 5, 'Scheduler Home Page', '2018-05-30 01:17:12'),
(0, 5, 'Scheduler Home Page', '2018-05-30 01:17:47'),
(0, 5, 'Scheduler Home Page', '2018-05-30 01:17:49'),
(0, 5, 'Scheduler Home Page', '2018-05-30 01:17:50'),
(0, 5, 'Scheduler Home Page', '2018-05-30 01:18:18'),
(0, 5, 'Scheduler Home Page', '2018-05-30 01:19:59'),
(0, 5, 'Scheduler Home Page', '2018-05-30 01:20:55'),
(0, 5, 'Scheduler Home Page', '2018-05-30 01:39:21'),
(0, 5, 'Scheduler Home Page', '2018-05-30 01:39:51'),
(0, 5, 'Scheduler Home Page', '2018-05-30 01:40:17'),
(0, 5, 'Scheduler Home Page', '2018-05-30 01:40:18'),
(0, 5, 'Scheduler Home Page', '2018-05-30 01:40:37'),
(0, 5, 'Scheduler Home Page', '2018-05-30 01:41:05'),
(0, 5, 'Scheduler Home Page', '2018-05-30 01:42:42'),
(0, 5, 'Scheduler Home Page', '2018-05-30 01:43:16'),
(0, 5, 'Scheduler Home Page', '2018-05-30 01:44:17'),
(0, 5, 'Scheduler Home Page', '2018-05-30 01:45:38'),
(0, 5, 'Scheduler Home Page', '2018-05-30 01:46:27'),
(0, 5, 'Scheduler Home Page', '2018-05-30 01:47:28'),
(0, 5, 'Scheduler Home Page', '2018-05-30 01:48:08'),
(0, 5, 'Scheduler Home Page', '2018-05-30 01:48:09'),
(0, 5, 'Scheduler Home Page', '2018-05-30 01:50:02'),
(0, 5, 'Scheduler Home Page', '2018-05-30 01:51:13'),
(0, 5, 'Scheduler Home Page', '2018-05-30 01:52:59'),
(0, 5, 'Scheduler Home Page', '2018-05-30 01:55:45'),
(0, 5, 'Scheduler Home Page', '2018-05-30 01:55:47'),
(0, 5, 'Scheduler Home Page', '2018-05-30 01:56:17'),
(0, 5, 'Scheduler Home Page', '2018-05-30 01:56:18'),
(0, 5, 'Scheduler Home Page', '2018-05-30 01:58:08'),
(0, 5, 'Scheduler Home Page', '2018-05-30 01:58:15'),
(0, 5, 'Scheduler Home Page', '2018-05-30 01:58:32'),
(0, 5, 'Scheduler Home Page', '2018-05-30 01:58:35'),
(0, 5, 'Scheduler Home Page', '2018-05-30 01:58:39'),
(0, 5, 'Scheduler Home Page', '2018-05-30 01:59:56'),
(0, 5, 'Scheduler Home Page', '2018-05-30 02:03:07'),
(0, 5, 'Scheduler Home Page', '2018-05-30 02:03:24'),
(0, 5, 'Scheduler Home Page', '2018-05-30 02:04:23'),
(0, 5, 'Scheduler Home Page', '2018-05-30 02:04:52'),
(0, 5, 'Scheduler Home Page', '2018-05-30 02:05:41'),
(0, 5, 'Scheduler Home Page', '2018-05-30 02:06:59'),
(0, 5, 'Scheduler Home Page', '2018-05-30 02:07:09'),
(0, 5, 'Scheduler Home Page', '2018-05-30 02:08:58'),
(0, 5, 'Scheduler Home Page', '2018-05-30 02:10:28'),
(0, 5, 'Scheduler Home Page', '2018-05-30 02:11:18'),
(0, 5, 'Scheduler Home Page', '2018-05-30 02:15:32'),
(0, 5, 'Signed Out', '2018-05-30 02:19:16'),
(0, 0, 'Signed Out', '2018-05-30 02:20:31'),
(0, 0, 'Sign In', '2018-05-30 02:20:34'),
(0, 0, 'Sign In', '2018-05-30 02:20:41'),
(0, 5, 'Scheduler Home Page', '2018-05-30 02:20:41'),
(0, 5, 'Scheduler Home Page', '2018-05-30 02:20:46'),
(0, 5, 'Signed Out', '2018-05-30 02:20:58'),
(0, 0, 'Scheduler Home Page', '2018-05-30 02:21:02'),
(0, 0, 'Sign In', '2018-05-30 02:21:36'),
(0, 0, 'Sign In', '2018-05-30 02:21:42'),
(0, 6, 'Scheduler Home Page', '2018-05-30 02:21:42'),
(0, 6, 'Scheduler My Schedule', '2018-05-30 02:21:47'),
(0, 6, 'Scheduler My Schedule', '2018-05-30 02:22:07'),
(0, 6, 'Signed Out', '2018-05-30 02:22:10'),
(0, 0, 'Scheduler Home Page', '2018-05-30 02:22:14'),
(0, 0, 'Sign In', '2018-05-30 02:22:16'),
(0, 0, 'Sign In', '2018-05-30 02:22:23'),
(0, 5, 'Scheduler Home Page', '2018-05-30 02:22:23'),
(0, 5, 'Scheduler Home Page', '2018-05-30 02:22:27'),
(0, 5, 'Scheduler Home Page', '2018-05-30 02:27:33'),
(0, 5, 'Scheduler Home Page', '2018-05-30 02:27:54'),
(0, 5, 'Scheduler Home Page', '2018-05-30 02:29:06'),
(0, 5, 'Scheduler Home Page', '2018-05-30 02:29:51'),
(0, 5, 'Scheduler Home Page', '2018-05-30 02:30:12'),
(0, 5, 'Scheduler Home Page', '2018-05-30 02:32:01'),
(0, 5, 'Scheduler Home Page', '2018-05-30 02:34:52'),
(0, 5, 'Scheduler Home Page', '2018-05-30 02:35:41'),
(0, 5, 'Scheduler Home Page', '2018-05-30 02:35:58'),
(0, 5, 'Scheduler Home Page', '2018-05-30 02:37:37'),
(0, 5, 'Scheduler Home Page', '2018-05-30 02:38:00'),
(0, 5, 'Scheduler Home Page', '2018-05-30 02:38:08'),
(0, 5, 'Scheduler Home Page', '2018-05-30 02:38:31'),
(0, 5, 'Scheduler Home Page', '2018-05-30 02:38:59'),
(0, 5, 'Scheduler Home Page', '2018-05-30 02:39:54'),
(0, 5, 'Scheduler Home Page', '2018-05-30 02:46:32'),
(0, 5, 'Signed Out', '2018-05-30 02:46:45'),
(0, 0, 'Scheduler Home Page', '2018-05-30 02:46:46'),
(0, 0, 'Scheduler Home Page', '2018-05-30 02:46:48'),
(0, 0, 'Sign In', '2018-05-30 02:47:26'),
(0, 0, 'Sign In', '2018-05-30 02:47:39'),
(0, 0, 'Sign In', '2018-05-30 02:47:46'),
(0, 0, 'Sign In', '2018-05-30 02:47:58'),
(0, 0, 'Scheduler Home Page', '2018-05-30 02:48:34'),
(0, 0, 'Sign In', '2018-05-30 02:49:17'),
(0, 0, 'Sign In', '2018-05-30 02:49:25'),
(0, 8, 'Scheduler Home Page', '2018-05-30 02:49:25'),
(0, 8, 'Profile', '2018-05-30 02:49:32'),
(0, 8, 'Scheduler My Schedule', '2018-05-30 02:49:36'),
(0, 8, 'Scheduler My Schedule', '2018-05-30 02:50:00'),
(0, 8, 'Signed Out', '2018-05-30 02:50:07'),
(0, 0, 'Signed Out', '2018-05-30 02:50:11'),
(0, 0, 'Sign In', '2018-05-30 02:50:14'),
(0, 0, 'Sign In', '2018-05-30 02:50:21'),
(0, 5, 'Scheduler Home Page', '2018-05-30 02:50:21'),
(0, 5, 'Scheduler Home Page', '2018-05-30 02:50:33'),
(0, 5, 'Scheduler Home Page', '2018-05-30 02:54:43'),
(0, 5, 'Scheduler Home Page', '2018-05-30 02:54:57'),
(0, 5, 'Scheduler Home Page', '2018-05-30 02:55:08'),
(0, 5, 'Scheduler Home Page', '2018-05-30 02:55:25'),
(0, 5, 'Signed Out', '2018-05-30 02:55:54'),
(0, 0, 'Scheduler Home Page', '2018-05-30 02:55:57'),
(0, 0, 'Sign In', '2018-05-30 02:56:01'),
(0, 0, 'Sign In', '2018-05-30 02:56:27'),
(0, 0, 'Sign In', '2018-05-30 02:56:33'),
(0, 9, 'Scheduler Home Page', '2018-05-30 02:56:33'),
(0, 9, 'Scheduler My Schedule', '2018-05-30 02:56:37'),
(0, 9, 'Scheduler My Schedule', '2018-05-30 02:57:08'),
(0, 9, 'Signed Out', '2018-05-30 02:57:10'),
(0, 0, 'Scheduler Home Page', '2018-05-30 02:57:11'),
(0, 0, 'Sign In', '2018-05-30 02:57:14'),
(0, 0, 'Sign In', '2018-05-30 02:57:19'),
(0, 5, 'Scheduler Home Page', '2018-05-30 02:57:19'),
(0, 5, 'Scheduler Home Page', '2018-05-30 02:57:23'),
(0, 5, 'Signed Out', '2018-05-30 02:57:58'),
(0, 0, 'Signed Out', '2018-05-30 02:58:02'),
(0, 0, 'Scheduler Home Page', '2018-05-30 02:58:03'),
(0, 0, 'Sign In', '2018-05-30 02:58:05'),
(0, 0, 'Sign In', '2018-05-30 02:58:11'),
(0, 0, 'Sign In', '2018-05-30 02:58:19'),
(0, 9, 'Scheduler Home Page', '2018-05-30 02:58:19'),
(0, 9, 'Scheduler My Schedule', '2018-05-30 02:58:23'),
(0, 9, 'Scheduler My Schedule', '2018-05-30 02:58:30'),
(0, 9, 'Signed Out', '2018-05-30 02:58:33'),
(0, 0, 'Scheduler Home Page', '2018-05-30 02:58:34'),
(0, 0, 'Sign In', '2018-05-30 02:58:36'),
(0, 0, 'Sign In', '2018-05-30 02:58:40'),
(0, 5, 'Scheduler Home Page', '2018-05-30 02:58:40'),
(0, 5, 'Scheduler Home Page', '2018-05-30 02:58:44'),
(0, 5, 'Scheduler Home Page', '2018-05-30 02:58:50'),
(0, 5, 'Signed Out', '2018-05-30 03:00:27'),
(0, 0, 'Scheduler Home Page', '2018-05-30 03:00:29'),
(0, 0, 'Sign In', '2018-05-30 03:00:30'),
(0, 0, 'Sign In', '2018-05-30 03:00:36'),
(0, 9, 'Scheduler Home Page', '2018-05-30 03:00:36'),
(0, 9, 'Scheduler My Schedule', '2018-05-30 03:00:38'),
(0, 9, 'Scheduler My Schedule', '2018-05-30 03:00:45'),
(0, 9, 'Signed Out', '2018-05-30 03:00:46'),
(0, 0, 'Scheduler Home Page', '2018-05-30 03:00:47'),
(0, 0, 'Sign In', '2018-05-30 03:00:49'),
(0, 0, 'Sign In', '2018-05-30 03:00:53'),
(0, 5, 'Scheduler Home Page', '2018-05-30 03:00:53'),
(0, 5, 'Scheduler Home Page', '2018-05-30 03:00:55'),
(0, 5, 'Scheduler Home Page', '2018-05-30 03:01:00'),
(0, 5, 'Scheduler Home Page', '2018-05-30 03:02:13'),
(0, 5, 'Scheduler Home Page', '2018-05-30 03:02:17'),
(0, 5, 'Scheduler Home Page', '2018-05-30 03:02:52'),
(0, 5, 'Scheduler Home Page', '2018-05-30 03:02:53'),
(0, 5, 'Scheduler Home Page', '2018-05-30 03:02:58'),
(0, 5, 'Scheduler Home Page', '2018-05-30 03:03:08'),
(0, 5, 'Scheduler Home Page', '2018-05-30 03:03:09'),
(0, 5, 'Scheduler Home Page', '2018-05-30 03:03:53'),
(0, 5, 'Scheduler Home Page', '2018-05-30 03:03:54'),
(0, 5, 'Scheduler Home Page', '2018-05-30 04:05:45'),
(0, 5, 'Scheduler Home Page', '2018-05-30 04:05:49'),
(0, 5, 'Scheduler My Schedule', '2018-05-30 04:15:57'),
(0, 5, 'Scheduler Home Page', '2018-05-30 04:19:14'),
(0, 5, 'Profile', '2018-05-30 04:19:14'),
(0, 5, 'Scheduler My Schedule', '2018-05-30 04:19:15'),
(0, 5, 'Scheduler Home Page', '2018-05-30 04:21:18'),
(0, 5, 'Scheduler Home Page', '2018-05-30 04:21:19'),
(0, 5, 'Scheduler Home Page', '2018-05-30 04:21:20'),
(0, 5, 'Scheduler Home Page', '2018-05-30 04:21:20'),
(0, 5, 'Scheduler Home Page', '2018-05-30 04:23:11'),
(0, 5, 'Scheduler Home Page', '2018-05-30 04:23:12'),
(0, 5, 'Signed Out', '2018-05-30 04:23:16'),
(0, 0, 'Scheduler Home Page', '2018-05-30 04:23:18'),
(0, 0, 'Scheduler Home Page', '2018-05-30 04:25:16'),
(0, 0, 'Scheduler Home Page', '2018-05-30 04:25:18'),
(0, 0, 'Scheduler Home Page', '2018-05-30 04:25:18'),
(0, 0, 'Scheduler Home Page', '2018-05-30 04:26:08'),
(0, 0, 'Scheduler Home Page', '2018-05-30 04:26:08'),
(0, 0, 'Scheduler Home Page', '2018-05-30 04:26:09'),
(0, 0, 'Scheduler Home Page', '2018-05-30 04:26:09'),
(0, 0, 'Scheduler Home Page', '2018-05-30 04:26:09'),
(0, 0, 'Scheduler Home Page', '2018-05-30 04:26:09'),
(0, 0, 'Scheduler Home Page', '2018-05-30 04:26:34'),
(0, 0, 'Scheduler Home Page', '2018-05-30 04:27:05'),
(0, 0, 'Scheduler Home Page', '2018-05-30 04:56:39'),
(0, 0, 'Scheduler Home Page', '2018-05-30 05:01:09'),
(0, 0, 'Sign In', '2018-05-30 05:01:13'),
(0, 0, 'Sign In', '2018-05-30 05:01:18'),
(0, 5, 'Scheduler Home Page', '2018-05-30 05:01:18'),
(0, 5, 'Scheduler Home Page', '2018-05-30 05:01:20'),
(0, 5, 'Scheduler My Schedule', '2018-05-30 05:01:40'),
(0, 5, 'Profile', '2018-05-30 05:01:44');

-- --------------------------------------------------------

--
-- Table structure for table `users`
--

CREATE TABLE `users` (
  `id` int(11) NOT NULL,
  `first_name` varchar(20) NOT NULL,
  `last_name` varchar(20) NOT NULL,
  `email` varchar(60) NOT NULL,
  `phone` text NOT NULL,
  `password` text NOT NULL,
  `role` varchar(15) NOT NULL,
  `monday` smallint(1) NOT NULL,
  `tuesday` smallint(1) NOT NULL,
  `wednesday` smallint(1) NOT NULL,
  `thursday` smallint(1) NOT NULL,
  `friday` smallint(1) NOT NULL,
  `saturday` smallint(1) NOT NULL,
  `sunday` smallint(1) NOT NULL
) ENGINE=InnoDB DEFAULT CHARSET=latin1;

--
-- Dumping data for table `users`
--

INSERT INTO `users` (`id`, `first_name`, `last_name`, `email`, `phone`, `password`, `role`, `monday`, `tuesday`, `wednesday`, `thursday`, `friday`, `saturday`, `sunday`) VALUES
(1, 'Bruce', 'Elgort', 'bruce.elgort@gmail.com', '3607718819', 'b109f3bbbc244eb82441917ed06d618b9008dd09b3befd1b5e07394c706a8bb980b1d7785e5976ec049b46df5f1326af5a2ea6d103fd07c95385ffab0cacbc86', 'admin', 0, 0, 0, 0, 0, 0, 0),
(2, 'Gayle', 'Elgort', 'gayle@gmail.com', '(360) 606-1532', 'b109f3bbbc244eb82441917ed06d618b9008dd09b3befd1b5e07394c706a8bb980b1d7785e5976ec049b46df5f1326af5a2ea6d103fd07c95385ffab0cacbc86', 'user', 0, 2, 3, 3, 1, 1, 4),
(3, 'Joe', 'Blow', 'joe@clark.edu', '(360) 771-8819', 'b109f3bbbc244eb82441917ed06d618b9008dd09b3befd1b5e07394c706a8bb980b1d7785e5976ec049b46df5f1326af5a2ea6d103fd07c95385ffab0cacbc86', 'user', 0, 2, 1, 1, 3, 4, 4),
(4, 'Joe', 'Joe', 'joejoejoe@gmail.com', '(360) 771-8819', 'b109f3bbbc244eb82441917ed06d618b9008dd09b3befd1b5e07394c706a8bb980b1d7785e5976ec049b46df5f1326af5a2ea6d103fd07c95385ffab0cacbc86', 'user', 0, 2, 3, 3, 4, 4, 4),
(5, 'Bruce', 'Elgort', 'belgort@clark.edu', '3607718819', 'b109f3bbbc244eb82441917ed06d618b9008dd09b3befd1b5e07394c706a8bb980b1d7785e5976ec049b46df5f1326af5a2ea6d103fd07c95385ffab0cacbc86', 'admin', 0, 0, 0, 0, 0, 0, 0),
(6, 'Bruno', 'George', 'bruno@clark.edu', '(360) 555-1212', 'b109f3bbbc244eb82441917ed06d618b9008dd09b3befd1b5e07394c706a8bb980b1d7785e5976ec049b46df5f1326af5a2ea6d103fd07c95385ffab0cacbc86', 'user', 0, 3, 3, 3, 3, 3, 3),
(7, 'Bella', 'Luna', 'bella@gmail.com', '333 333-3333', 'b109f3bbbc244eb82441917ed06d618b9008dd09b3befd1b5e07394c706a8bb980b1d7785e5976ec049b46df5f1326af5a2ea6d103fd07c95385ffab0cacbc86', 'user', 0, 0, 0, 0, 0, 0, 0),
(8, 'Harry', 'Ujifusa', 'harry@gmail.com', '(360) 999-9999', 'b109f3bbbc244eb82441917ed06d618b9008dd09b3befd1b5e07394c706a8bb980b1d7785e5976ec049b46df5f1326af5a2ea6d103fd07c95385ffab0cacbc86', 'user', 0, 2, 2, 0, 2, 2, 0),
(9, 'Chris', 'Martin', 'cmartin@clark.edu', '(360) 111-1111', 'b109f3bbbc244eb82441917ed06d618b9008dd09b3befd1b5e07394c706a8bb980b1d7785e5976ec049b46df5f1326af5a2ea6d103fd07c95385ffab0cacbc86', 'user', 2, 2, 1, 2, 2, 0, 2);

--
-- Indexes for dumped tables
--

--
-- Indexes for table `announcements`
--
ALTER TABLE `announcements`
  ADD PRIMARY KEY (`id`);

--
-- Indexes for table `users`
--
ALTER TABLE `users`
  ADD PRIMARY KEY (`id`);

--
-- AUTO_INCREMENT for dumped tables
--

--
-- AUTO_INCREMENT for table `announcements`
--
ALTER TABLE `announcements`
  MODIFY `id` int(11) NOT NULL AUTO_INCREMENT, AUTO_INCREMENT=3;

--
-- AUTO_INCREMENT for table `users`
--
ALTER TABLE `users`
  MODIFY `id` int(11) NOT NULL AUTO_INCREMENT, AUTO_INCREMENT=10;
COMMIT;

/*!40101 SET CHARACTER_SET_CLIENT=@OLD_CHARACTER_SET_CLIENT */;
/*!40101 SET CHARACTER_SET_RESULTS=@OLD_CHARACTER_SET_RESULTS */;
/*!40101 SET COLLATION_CONNECTION=@OLD_COLLATION_CONNECTION */;
